file,bytes,tris,verts,prims,materials,bones,clips,anim_bytes,tex_count,tex_res,tex_bytes,extensions
boss_cinder_regent/character.glb,1752304,13993,20566,1,1,41,8,430588,3,1024x1024,285714,EXT_texture_webp+KHR_mesh_quantization
boss_gravedigger_king/character.glb,2035308,13780,23596,1,1,41,8,524404,3,1024x1024,391796,EXT_texture_webp+KHR_mesh_quantization
boss_mire_mother/character.glb,2022504,13582,22943,1,1,41,8,430360,3,1024x1024,492912,EXT_texture_webp+KHR_mesh_quantization
boss_drowned_congregation/character.glb,1745220,13489,19875,1,1,41,8,421312,3,1024x1024,312460,EXT_texture_webp+KHR_mesh_quantization
boss_bone_abbess/character.glb,1896328,11949,23562,1,1,41,8,421816,3,1024x1024,369650,EXT_texture_webp+KHR_mesh_quantization
necromancer/character.glb,2052540,11927,19665,1,1,41,10,615544,3,1024x1024,398852,EXT_texture_webp+KHR_mesh_quantization
hero_veilwalker/character.glb,1995088,11757,19274,1,1,41,10,614864,3,1024x1024,354362,EXT_texture_webp+KHR_mesh_quantization
hero_gravecaller/character.glb,2153712,11749,19070,1,1,41,15,717764,3,1024x1024,399556,EXT_texture_webp+KHR_mesh_quantization
hero_rotweaver/character.glb,2290704,11683,20688,1,1,41,15,719280,3,1024x1024,491576,EXT_texture_webp+KHR_mesh_quantization
hero_grave_warden/character.glb,2070452,11667,20049,1,1,41,10,615252,3,1024x1024,405974,EXT_texture_webp+KHR_mesh_quantization
hero_carrion_witch/character.glb,1921552,11543,18450,1,1,41,10,616100,3,1024x1024,301704,EXT_texture_webp+KHR_mesh_quantization
prelate/character.glb,1845596,11498,18735,1,1,41,8,421696,3,1024x1024,456964,EXT_texture_webp+KHR_mesh_quantization
boss_plague_saint/character.glb,1866636,10949,17698,1,1,41,7,395096,3,1024x1024,558176,EXT_texture_webp+KHR_mesh_quantization
hero_bell_monk/character.glb,1977148,10825,15996,1,1,41,10,614948,3,1024x1024,431390,EXT_texture_webp+KHR_mesh_quantization
hero_hollow_knight/character.glb,1891548,10675,11622,1,1,41,11,650888,3,1024x1024,412166,EXT_texture_webp+KHR_mesh_quantization
hero_mourner/character.glb,2019360,9212,14749,1,1,41,15,717820,3,1024x1024,402910,EXT_texture_webp+KHR_mesh_quantization
hero_ossuary/character.glb,2050628,9199,15551,1,1,41,15,717912,3,1024x1024,413422,EXT_texture_webp+KHR_mesh_quantization
npc_sexton/character.glb,879736,7870,10985,1,1,41,3,161020,3,512x512,100062,EXT_texture_webp+KHR_mesh_quantization
npc_prior/character.glb,1000804,7866,11835,1,1,41,4,206984,3,512x512,126826,EXT_texture_webp+KHR_mesh_quantization
npc_apothecary/character.glb,897704,7772,11221,1,1,41,3,160928,3,512x512,111706,EXT_texture_webp+KHR_mesh_quantization
bone_golem/character.glb,1650504,6682,11810,1,1,41,8,386108,3,1024x1024,521304,EXT_texture_webp+KHR_mesh_quantization
slag_brute/character.glb,1220064,6660,4458,1,1,41,7,359720,3,1024x1024,343164,EXT_texture_webp+KHR_mesh_quantization
drowned_sexton/character.glb,1451744,6385,10870,1,1,41,7,360364,3,1024x1024,395854,EXT_texture_webp+KHR_mesh_quantization
bone_colossus/character.glb,1180328,5663,9243,1,1,41,7,351480,3,512x512,185118,EXT_texture_webp+KHR_mesh_quantization
bell_templar/character.glb,1156140,4883,7246,1,1,41,9,407192,3,512x512,127154,EXT_texture_webp+KHR_mesh_quantization
thrall_sentinel/character.glb,1388152,4789,8206,1,1,41,11,650728,3,512x512,126506,EXT_texture_webp+KHR_mesh_quantization
penitent/character.glb,1059488,4771,7657,1,1,41,7,350188,3,512x512,115140,EXT_texture_webp+KHR_mesh_quantization
deacon/character.glb,1062716,4756,7450,1,1,41,7,349664,3,512x512,126828,EXT_texture_webp+KHR_mesh_quantization
skeleton_thrall/character.glb,1397100,4605,7537,1,1,41,11,650940,3,512x512,154600,EXT_texture_webp+KHR_mesh_quantization
belfry_gargoyle/character.glb,1079740,4551,7835,1,1,45,8,521032,3,512x512,141784,EXT_texture_webp+KHR_mesh_quantization
lich_acolyte/character.glb,1069400,4472,7000,1,1,41,7,349820,3,512x512,149666,EXT_texture_webp+KHR_mesh_quantization
plague_doctor/character.glb,999896,4452,6738,1,1,41,7,350152,3,512x512,84810,EXT_texture_webp+KHR_mesh_quantization
weeping_seraph/character.glb,1029500,4432,6809,1,1,41,6,313504,3,512x512,169046,EXT_texture_webp+KHR_mesh_quantization
thrall_legionnaire/character.glb,1357336,4371,7037,1,1,41,11,650048,3,512x512,132240,EXT_texture_webp+KHR_mesh_quantization
thrall_plague/character.glb,1378232,4346,7182,1,1,41,11,650592,3,512x512,148214,EXT_texture_webp+KHR_mesh_quantization
flagellant/character.glb,1120456,4294,7860,1,1,41,8,379768,3,512x512,129050,EXT_texture_webp+KHR_mesh_quantization
cinder_husk/character.glb,1075660,4160,6041,1,1,41,8,379748,3,512x512,135510,EXT_texture_webp+KHR_mesh_quantization
cinderhound/character.glb,431700,4134,7275,1,1,29,3,37700,3,512x512,102178,EXT_texture_webp+KHR_mesh_quantization
barrow_ghoul/character.glb,1227932,4062,3495,1,1,41,10,578664,3,512x512,114550,EXT_texture_webp+KHR_mesh_quantization
censer_bearer/character.glb,1116012,3979,6846,1,1,41,8,370200,3,512x512,163550,EXT_texture_webp+KHR_mesh_quantization
carrion_sac/character.glb,1009200,3905,5292,1,1,41,7,350196,3,512x512,136490,EXT_texture_webp+KHR_mesh_quantization
props/choir_wraith.glb,267928,3797,5916,1,1,0,0,0,3,512x512,124690,EXT_texture_webp+KHR_mesh_quantization
grave_robber/character.glb,1120984,3753,5635,1,1,41,10,425096,3,512x512,110318,EXT_texture_webp+KHR_mesh_quantization
props/gear_scythe.glb,203800,3650,2691,1,1,0,0,0,3,512x512,125822,EXT_texture_webp+KHR_mesh_quantization
props/prop_node_bone_elder.glb,345904,3603,6070,1,1,0,0,0,3,512x512,200756,EXT_texture_webp+KHR_mesh_quantization
props/bell_altar.glb,434796,3569,6014,1,1,0,0,0,3,1024x1024,290956,EXT_texture_webp+KHR_mesh_quantization
props/shroud_moth.glb,281280,3568,5376,1,1,0,0,0,3,512x512,150224,EXT_texture_webp+KHR_mesh_quantization
bone_hound/character.glb,391988,3523,5664,1,1,38,3,33044,3,512x512,116638,EXT_texture_webp+KHR_mesh_quantization
props/prop_node_churchyard_yew.glb,194760,3516,7119,1,1,0,0,0,3,512x512,29156,EXT_texture_webp+KHR_mesh_quantization
bog_hag/character.glb,1000500,3459,5589,1,1,41,7,349652,3,512x512,122826,EXT_texture_webp+KHR_mesh_quantization
pyre_priest/character.glb,1018812,3436,5789,1,1,41,7,349408,3,512x512,136194,EXT_texture_webp+KHR_mesh_quantization
props/mausoleum.glb,451420,3397,6248,1,1,0,0,0,3,1024x1024,303928,EXT_texture_webp+KHR_mesh_quantization
props/prop_node_blackthorn.glb,210980,3238,5558,1,1,0,0,0,3,512x512,78266,EXT_texture_webp+KHR_mesh_quantization
props/rite_niches.glb,211120,3196,5439,1,1,0,0,0,3,512x512,81034,EXT_texture_webp+KHR_mesh_quantization
props/gear_staff.glb,165456,3118,2447,1,1,0,0,0,3,512x512,95566,EXT_texture_webp+KHR_mesh_quantization
props/gear_skull_focus.glb,109868,3086,2203,1,1,0,0,0,3,512x512,45036,EXT_texture_webp+KHR_mesh_quantization
props/prop_node_coffin_oak.glb,270608,3069,5487,1,1,0,0,0,3,512x512,140302,EXT_texture_webp+KHR_mesh_quantization
props/alch_cauldron.glb,197396,3051,4195,1,1,0,0,0,3,512x512,93066,EXT_texture_webp+KHR_mesh_quantization
props/altar_ascension.glb,178820,3035,5109,1,1,0,0,0,3,512x512,56302,EXT_texture_webp+KHR_mesh_quantization
props/prop_node_hangman_elm.glb,259344,3026,5934,1,1,0,0,0,3,512x512,120378,EXT_texture_webp+KHR_mesh_quantization
props/prop_node_ghostwood.glb,287464,3019,5194,1,1,0,0,0,3,512x512,163336,EXT_texture_webp+KHR_mesh_quantization
props/gear_mourning_bell.glb,179436,2998,4025,1,1,0,0,0,3,512x512,78756,EXT_texture_webp+KHR_mesh_quantization
props/gear_sickle.glb,217696,2962,2065,1,1,0,0,0,3,512x512,156366,EXT_texture_webp+KHR_mesh_quantization
props/prop_node_bleeding_willow.glb,212676,2958,4761,1,1,0,0,0,3,512x512,97586,EXT_texture_webp+KHR_mesh_quantization
props/alch_alembic.glb,202644,2926,4253,1,1,0,0,0,3,512x512,97908,EXT_texture_webp+KHR_mesh_quantization
props/statue.glb,212796,2908,4759,1,1,0,0,0,3,512x512,98046,EXT_texture_webp+KHR_mesh_quantization
props/wraith_thrall.glb,224460,2890,3981,1,1,0,0,0,3,512x512,125372,EXT_texture_webp+KHR_mesh_quantization
props/prop_node_barrow_tomb.glb,177660,2776,4393,1,1,0,0,0,3,512x512,71028,EXT_texture_webp+KHR_mesh_quantization
props/alch_reagent_shelf.glb,175944,2710,4496,1,1,0,0,0,3,512x512,67620,EXT_texture_webp+KHR_mesh_quantization
props/slag_font.glb,211052,2683,4548,1,1,0,0,0,3,512x512,101860,EXT_texture_webp+KHR_mesh_quantization
props/prop_node_bone_kiln.glb,193140,2660,4091,1,1,0,0,0,3,512x512,93236,EXT_texture_webp+KHR_mesh_quantization
props/skull_niche.glb,189884,2621,4359,1,1,0,0,0,3,512x512,84852,EXT_texture_webp+KHR_mesh_quantization
props/gear_grimoire.glb,185784,2612,3943,1,1,0,0,0,3,512x512,89064,EXT_texture_webp+KHR_mesh_quantization
props/dead_tree.glb,276780,2591,4905,1,1,0,0,0,3,512x512,161008,EXT_texture_webp+KHR_mesh_quantization
props/organ_pipes.glb,156168,2582,4419,1,1,0,0,0,3,512x512,50148,EXT_texture_webp+KHR_mesh_quantization
props/prop_node_alchemy_table.glb,205620,2565,4633,1,1,0,0,0,3,512x512,95444,EXT_texture_webp+KHR_mesh_quantization
props/alch_counter.glb,182892,2534,4326,1,1,0,0,0,3,512x512,79046,EXT_texture_webp+KHR_mesh_quantization
props/abbess_reliquary.glb,213916,2525,4427,1,1,0,0,0,3,512x512,108098,EXT_texture_webp+KHR_mesh_quantization
props/alch_drying_rack.glb,210728,2467,4489,1,1,0,0,0,3,512x512,104004,EXT_texture_webp+KHR_mesh_quantization
props/plague_well.glb,176936,2431,3803,1,1,0,0,0,3,512x512,84144,EXT_texture_webp+KHR_mesh_quantization
props/alch_bone_candles.glb,176932,2419,4017,1,1,0,0,0,3,512x512,79954,EXT_texture_webp+KHR_mesh_quantization
props/prop_node_black_water_pool.glb,166188,2384,3567,1,1,0,0,0,3,512x512,78422,EXT_texture_webp+KHR_mesh_quantization
props/ember_altar.glb,162120,2370,3221,1,1,0,0,0,3,512x512,81338,EXT_texture_webp+KHR_mesh_quantization
props/covenant_lectern.glb,134860,2368,2005,1,1,0,0,0,3,512x512,78394,EXT_texture_webp+KHR_mesh_quantization
props/arch.glb,122688,2359,1969,1,1,0,0,0,3,512x512,67000,EXT_texture_webp+KHR_mesh_quantization
props/kings_grave.glb,141092,2356,3403,1,1,0,0,0,3,512x512,56766,EXT_texture_webp+KHR_mesh_quantization
props/alch_mortar_table.glb,155324,2342,3490,1,1,0,0,0,3,512x512,69280,EXT_texture_webp+KHR_mesh_quantization
props/gibbet_cage.glb,191588,2339,3978,1,1,0,0,0,3,512x512,95860,EXT_texture_webp+KHR_mesh_quantization
props/prop_node_sawpit.glb,158956,2324,3766,1,1,0,0,0,3,512x512,67564,EXT_texture_webp+KHR_mesh_quantization
props/gear_wand.glb,155928,2304,1804,1,1,0,0,0,3,512x512,103774,EXT_texture_webp+KHR_mesh_quantization
props/plague_cart.glb,207044,2283,3976,1,1,0,0,0,3,512x512,111702,EXT_texture_webp+KHR_mesh_quantization
props/alch_station_sign.glb,195252,2274,3696,1,1,0,0,0,3,512x512,105566,EXT_texture_webp+KHR_mesh_quantization
props/stained_glass.glb,165828,2258,3796,1,1,0,0,0,3,512x512,74238,EXT_texture_webp+KHR_mesh_quantization
props/pyre_stack.glb,138644,2254,3558,1,1,0,0,0,3,512x512,51818,EXT_texture_webp+KHR_mesh_quantization
props/bone_candelabrum.glb,213684,2246,4015,1,1,0,0,0,3,512x512,117788,EXT_texture_webp+KHR_mesh_quantization
props/prop_node_crypt_collapse.glb,140324,2198,3785,1,1,0,0,0,3,512x512,49306,EXT_texture_webp+KHR_mesh_quantization
props/cinder_obelisk.glb,164332,2197,3683,1,1,0,0,0,3,512x512,75360,EXT_texture_webp+KHR_mesh_quantization
props/drowned_statue.glb,198372,2187,3891,1,1,0,0,0,3,512x512,105302,EXT_texture_webp+KHR_mesh_quantization
props/workbench.glb,174812,2187,3943,1,1,0,0,0,3,512x512,80700,EXT_texture_webp+KHR_mesh_quantization
props/saints_litter.glb,225596,2184,3838,1,1,0,0,0,3,512x512,133612,EXT_texture_webp+KHR_mesh_quantization
props/sunken_bell.glb,172340,2173,3363,1,1,0,0,0,3,512x512,89916,EXT_texture_webp+KHR_mesh_quantization
props/church_pew.glb,150204,2145,3128,1,1,0,0,0,3,512x512,72644,EXT_texture_webp+KHR_mesh_quantization
props/prop_node_grave_anvil.glb,123052,2140,1905,1,1,0,0,0,3,512x512,69960,EXT_texture_webp+KHR_mesh_quantization
props/prop_node_herb_patch.glb,162740,2118,3717,1,1,0,0,0,3,512x512,73574,EXT_texture_webp+KHR_mesh_quantization
props/bone_pile.glb,210156,2114,3967,1,1,0,0,0,3,512x512,116004,EXT_texture_webp+KHR_mesh_quantization
skull_rat/character.glb,375784,2097,3340,1,1,32,3,37312,3,512x512,176346,EXT_texture_webp+KHR_mesh_quantization
props/skull_wall.glb,185476,2071,4033,1,1,0,0,0,3,512x512,90260,EXT_texture_webp+KHR_mesh_quantization
props/alch_bubbling_vat.glb,152452,2064,1797,1,1,0,0,0,3,512x512,101970,EXT_texture_webp+KHR_mesh_quantization
props/prop_node_ore_geode.glb,150404,2036,2583,1,1,0,0,0,3,512x512,84406,EXT_texture_webp+KHR_mesh_quantization
props/prop_node_ore_geode_hell.glb,157780,2036,2583,1,1,0,0,0,3,512x512,91778,EXT_texture_webp+KHR_mesh_quantization
props/prop_node_ore_geode_moon.glb,150404,2036,2583,1,1,0,0,0,3,512x512,84406,EXT_texture_webp+KHR_mesh_quantization
props/bell_frame.glb,132756,2022,2249,1,1,0,0,0,3,512x512,73484,EXT_texture_webp+KHR_mesh_quantization
props/mire_altar.glb,145092,1995,3590,1,1,0,0,0,3,512x512,59194,EXT_texture_webp+KHR_mesh_quantization
props/alch_canopic_jars.glb,110700,1977,1881,1,1,0,0,0,3,512x512,59062,EXT_texture_webp+KHR_mesh_quantization
props/drowned_font.glb,117068,1962,1732,1,1,0,0,0,3,512x512,68504,EXT_texture_webp+KHR_mesh_quantization
props/coffin_stack.glb,154460,1938,3162,1,1,0,0,0,3,512x512,77470,EXT_texture_webp+KHR_mesh_quantization
props/prop_node_cook_cauldron.glb,140652,1912,3172,1,1,0,0,0,3,512x512,63600,EXT_texture_webp+KHR_mesh_quantization
props/gear_bone_staff.glb,229672,1838,3253,1,1,0,0,0,3,512x512,151458,EXT_texture_webp+KHR_mesh_quantization
props/tithe_bat.glb,105352,1827,2998,1,1,0,0,0,3,256x256,32308,EXT_texture_webp+KHR_mesh_quantization
props/mire_leech.glb,90772,1780,1318,1,1,0,0,0,3,512x512,51578,EXT_texture_webp+KHR_mesh_quantization
props/prop_node_ore_seam.glb,116884,1759,1474,1,1,0,0,0,3,512x512,74694,EXT_texture_webp+KHR_mesh_quantization
props/prop_node_ore_seam_bronze.glb,117244,1759,1474,1,1,0,0,0,3,512x512,75054,EXT_texture_webp+KHR_mesh_quantization
props/prop_node_ore_seam_copper.glb,116884,1759,1474,1,1,0,0,0,3,512x512,74694,EXT_texture_webp+KHR_mesh_quantization
props/prop_node_ore_seam_gold.glb,117684,1759,1474,1,1,0,0,0,3,512x512,75494,EXT_texture_webp+KHR_mesh_quantization
props/prop_node_ore_seam_iron.glb,117556,1759,1474,1,1,0,0,0,3,512x512,75364,EXT_texture_webp+KHR_mesh_quantization
props/prop_node_ore_seam_silver.glb,118228,1759,1474,1,1,0,0,0,3,512x512,76032,EXT_texture_webp+KHR_mesh_quantization
props/prop_node_ore_seam_steel.glb,116828,1759,1474,1,1,0,0,0,3,512x512,74638,EXT_texture_webp+KHR_mesh_quantization
props/prop_node_ore_seam_tin.glb,116492,1759,1474,1,1,0,0,0,3,512x512,74296,EXT_texture_webp+KHR_mesh_quantization
props/reliquary.glb,147692,1742,1513,1,1,0,0,0,3,512x512,104828,EXT_texture_webp+KHR_mesh_quantization
props/sarcophagus.glb,187764,1726,2788,1,1,0,0,0,3,512x512,119520,EXT_texture_webp+KHR_mesh_quantization
props/prop_node_sexton_vault.glb,128252,1667,2843,1,1,0,0,0,3,512x512,59242,EXT_texture_webp+KHR_mesh_quantization
props/grave_lantern.glb,166000,1658,2819,1,1,0,0,0,3,512x512,97548,EXT_texture_webp+KHR_mesh_quantization
props/rot_garden.glb,156452,1638,2683,1,1,0,0,0,3,512x512,90838,EXT_texture_webp+KHR_mesh_quantization
props/gear_warden_lantern.glb,146492,1604,1462,1,1,0,0,0,3,512x512,105470,EXT_texture_webp+KHR_mesh_quantization
props/prop_node_garden_sprouts.glb,146008,1596,2669,1,1,0,0,0,3,512x512,80932,EXT_texture_webp+KHR_mesh_quantization
props/alch_totem_stirrer.glb,110576,1528,2366,1,1,0,0,0,3,512x512,51968,EXT_texture_webp+KHR_mesh_quantization
props/alch_herb_bundle.glb,194480,1508,2812,1,1,0,0,0,3,512x512,127072,EXT_texture_webp+KHR_mesh_quantization
props/pillar.glb,93248,1505,1343,1,1,0,0,0,3,512x512,55202,EXT_texture_webp+KHR_mesh_quantization
props/fen_wisp.glb,57568,1494,1297,1,1,0,0,0,3,512x512,20508,EXT_texture_webp+KHR_mesh_quantization
props/gear_warden_flail.glb,147304,1494,2623,1,1,0,0,0,3,512x512,83760,EXT_texture_webp+KHR_mesh_quantization
props/tool_fishing_rod.glb,150740,1489,2262,1,1,0,0,0,3,512x512,94422,EXT_texture_webp+KHR_mesh_quantization
props/tool_pickaxe.glb,112236,1485,1329,1,1,0,0,0,3,512x512,74582,EXT_texture_webp+KHR_mesh_quantization
props/tool_spade.glb,154372,1483,1762,1,1,0,0,0,3,512x512,108114,EXT_texture_webp+KHR_mesh_quantization
props/tool_hatchet.glb,150296,1465,1753,1,1,0,0,0,3,512x512,104326,EXT_texture_webp+KHR_mesh_quantization
props/gear_monk_bell_staff.glb,196492,1450,2266,1,1,0,0,0,3,512x512,140336,EXT_texture_webp+KHR_mesh_quantization
props/brazier.glb,105716,1418,1186,1,1,0,0,0,3,512x512,71330,EXT_texture_webp+KHR_mesh_quantization
props/gear_witch_hook.glb,182664,1410,2119,1,1,0,0,0,3,512x512,129702,EXT_texture_webp+KHR_mesh_quantization
props/gear_thrall_bow.glb,165184,1408,1338,1,1,0,0,0,3,512x512,127822,EXT_texture_webp+KHR_mesh_quantization
props/prop_node_sapling.glb,153688,1388,2236,1,1,0,0,0,3,512x512,98522,EXT_texture_webp+KHR_mesh_quantization
props/gear_knight_shield.glb,125120,1354,1746,1,1,0,0,0,3,512x512,79956,EXT_texture_webp+KHR_mesh_quantization
props/prop_node_compost_heap.glb,134260,1342,1952,1,1,0,0,0,3,512x512,85024,EXT_texture_webp+KHR_mesh_quantization
props/candles.glb,144224,1324,2182,1,1,0,0,0,3,512x512,90522,EXT_texture_webp+KHR_mesh_quantization
props/prop_node_dug_grave.glb,76808,1298,1287,1,1,0,0,0,3,512x512,41128,EXT_texture_webp+KHR_mesh_quantization
props/prop_node_burial_mound.glb,147128,1281,2154,1,1,0,0,0,3,512x512,94240,EXT_texture_webp+KHR_mesh_quantization
props/fen_hummock.glb,136240,1259,2153,1,1,0,0,0,3,512x512,83504,EXT_texture_webp+KHR_mesh_quantization
props/waystone.glb,127308,1254,1167,1,1,0,0,0,3,512x512,94284,EXT_texture_webp+KHR_mesh_quantization
props/prop_node_garden_plot.glb,98576,1249,2804,1,1,0,0,0,3,512x512,32878,EXT_texture_webp+KHR_mesh_quantization
props/gear_knight_sword.glb,186376,1204,1626,1,1,0,0,0,3,512x512,144496,EXT_texture_webp+KHR_mesh_quantization
props/fence.glb,149760,1143,2140,1,1,0,0,0,3,512x512,97968,EXT_texture_webp+KHR_mesh_quantization
props/tombstone_cross.glb,92860,888,898,1,1,0,0,0,3,512x512,67420,EXT_texture_webp+KHR_mesh_quantization
props/tombstone_round.glb,138752,811,1032,1,1,0,0,0,3,512x512,111110,EXT_texture_webp+KHR_mesh_quantization
props/prop_node_ore_spent.glb,128388,789,779,1,1,0,0,0,3,512x512,105924,EXT_texture_webp+KHR_mesh_quantization
props/prop_node_stump.glb,89372,716,818,1,1,0,0,0,3,512x512,66562,EXT_texture_webp+KHR_mesh_quantization
props/mantle_vertebra.glb,41924,354,398,1,1,0,0,0,3,256x256,29692,EXT_texture_webp+KHR_mesh_quantization
props/mantle_skullchip.glb,30640,314,328,1,1,0,0,0,3,256x256,20052,EXT_texture_webp+KHR_mesh_quantization
props/mantle_rib.glb,41888,308,374,1,1,0,0,0,3,256x256,30416,EXT_texture_webp+KHR_mesh_quantization
props/grave_hand.glb,28136,278,327,1,1,0,0,0,3,256x256,17790,EXT_texture_webp+KHR_mesh_quantization
