49.4	godot/tests/next_depths/run.gd
45.6	godot/tests/next_autocombat/run.gd
37.8	godot/tests/next_front/run.gd
33.9	godot/tests/next_runes/run.gd
32.8	godot/tests/next_feel/run.gd
26.1	godot/tests/gear/run.gd
24.7	godot/tests/next_combat_odds/run.gd
22.4	godot/tests/game/regress_run.gd
21.2	godot/tests/next_bosses/run.gd
21.0	godot/tests/next_meta/run.gd
20.5	godot/tests/next_areas/run.gd
20.2	godot/tests/next_clarity/run.gd
20.2	godot/tests/next_affixes/run.gd
18.9	godot/tests/next_gathering/run.gd
18.8	godot/tests/next_boss_meta/run.gd
18.5	godot/tests/next_acre_guide/run.gd
17.7	godot/tests/next/run.gd
17.6	godot/tests/next_progress/run.gd
17.6	godot/tests/chapterhouse/run.gd
17.3	godot/tests/next_perfctl/run.gd
16.5	godot/tests/next_glue/run.gd
16.4	godot/tests/next_hud_counsel/run.gd
16.3	godot/tests/next_hero_look/run.gd
15.9	godot/tests/rites/run.gd
15.4	godot/tests/next_hud/run.gd
15.3	godot/tests/next_polish/run.gd
15.0	godot/tests/next_spawn_aggro/run.gd
14.7	godot/tests/perf/first_frame_run.gd
14.3	godot/tests/next_playtest/run.gd
14.2	godot/tests/next_loot/run.gd
14.0	godot/tests/session/run.gd
13.9	godot/tests/audio_wire/run.gd
13.8	godot/tests/next_brews_affix/run.gd
13.8	godot/tests/next_bag/run.gd
13.0	godot/tests/backend/run.gd
12.2	godot/tests/enemies/run.gd
11.7	godot/tests/bosses/run.gd
11.1	godot/tests/game_ui/run.gd
10.7	godot/tests/sim/run.gd
10.0	godot/tests/panels_a/run.gd
9.4	godot/tests/game/autocombat_run.gd
7.9	godot/tests/ui_parity/run.gd
7.6	godot/tests/thralls/run.gd
7.3	godot/tests/ui/run.gd
6.5	godot/tests/next_lobby/ui_run.gd
6.2	godot/tests/qa/run.gd
5.9	godot/tests/online_live/run.gd
5.4	godot/tests/next_lobby/run.gd
3.9	godot/tests/enemy_fx/run.gd
3.7	godot/tests/fx/run.gd
3.1	godot/tests/rewards/run.gd
2.8	godot/tests/interp/run.gd
2.7	godot/tests/rules-loot/run.gd
2.7	godot/tests/corpses/run.gd
2.3	godot/tests/status/run.gd
2.2	godot/tests/world_fx/run.gd
2.2	godot/tests/rules-gathering/run.gd
2.2	godot/tests/onboarding/run.gd
1.9	godot/tests/world/run.gd
1.8	godot/tests/game/units_run.gd
1.5	godot/tests/rules-combat/run.gd
1.5	godot/tests/audio/run.gd
1.4	godot/tests/data/run.gd
1.2	godot/tests/next_online_gate/run.gd
1.2	godot/tests/loot_view/run.gd
1.1	godot/tests/rules-progression/run.gd
1.1	godot/tests/dialogue/run.gd
0.8	godot/tests/rules-core/run.gd
0.7	godot/tests/next_lobby/proc_run.gd
0.6	godot/tests/relay/run.gd
